slug,kind,sku,producer,name,vintage,region,varietal
ca-stele-nv-ca-stele-prosecco-doc,true-dup,397728,Ca'stele,NV Ca'stele Prosecco DOC,,Veneto,Glera
ca-stele-nv-ca-stele-prosecco-doc,true-dup,397731,Ca'stele,NV Ca'stele Prosecco DOC,,,
chateau-la-rose-pourret-saint-emilion-grand-cru-2019,true-dup,520660,,Château la Rose Pourret Saint Emilion Grand Cru,2019,,
chateau-la-rose-pourret-saint-emilion-grand-cru-2019,true-dup,520716,,Château la Rose Pourret Saint Emilion Grand Cru,2019,,
chateau-pibran-pauillac-2018,distinct,520432,,Château Pibran Pauillac,2018,,
chateau-pibran-pauillac-2018,distinct,520492,Château Pibran,Pauillac,2018,Bordeaux,
chateau-rauzan-segla-margaux-2019,true-dup,520731,,Château Rauzan Segla Margaux,2019,,
chateau-rauzan-segla-margaux-2019,true-dup,520732,,Château Rauzan Segla Margaux,2019,,
chateau-rauzan-segla-margaux-2019,true-dup,520713,,Château Rauzan Segla Margaux,2019,,
coastal-ridge-chardonnay-california-2023,distinct,571048,Coastal Ridge,Chardonnay California,2023,California,Chardonnay
coastal-ridge-chardonnay-california-2023,distinct,571053,,Coastal Ridge Chardonnay California,2023,,
domaine-arnaud-lambert-cremant-de-loire-rose,true-dup,730119,,Domaine Arnaud Lambert Cremant de Loire Rose,,,
domaine-arnaud-lambert-cremant-de-loire-rose,true-dup,730135,,Domaine Arnaud Lambert Cremant de Loire Rose,,,
domaine-bastide-blanche-bandol-rose-2025,true-dup,473943,,Domaine Bastide Blanche Bandol Rose,2025,,
domaine-bastide-blanche-bandol-rose-2025,true-dup,473944,,Domaine Bastide Blanche Bandol Rose,2025,,
domaine-bruno-clair-bonnes-mares-grand-cru-2023,true-dup,714167,,Domaine Bruno Clair Bonnes Mares Grand Cru,2023,,
domaine-bruno-clair-bonnes-mares-grand-cru-2023,true-dup,714168,,Domaine Bruno Clair Bonnes Mares Grand Cru,2023,,
domaine-bruno-colin-chassagne-montrachet-1er-cru-en-remilly-2023,true-dup,660925,,Domaine Bruno Colin Chassagne Montrachet 1er Cru en Remilly,2023,,
domaine-bruno-colin-chassagne-montrachet-1er-cru-en-remilly-2023,true-dup,660918,,Domaine Bruno Colin Chassagne Montrachet 1er Cru en Remilly,2023,,
domaine-bruno-colin-chassagne-montrachet-1er-cru-la-maltroie-blanc-2023,true-dup,660917,,Domaine Bruno Colin Chassagne Montrachet 1er Cru la Maltroie Blanc,2023,,
domaine-bruno-colin-chassagne-montrachet-1er-cru-la-maltroie-blanc-2023,true-dup,660923,,Domaine Bruno Colin Chassagne Montrachet 1er Cru la Maltroie Blanc,2023,,
domaine-bruno-colin-chassagne-montrachet-1er-cru-les-chaumees-2023,true-dup,660922,,Domaine Bruno Colin Chassagne Montrachet 1er Cru les Chaumees,2023,,
domaine-bruno-colin-chassagne-montrachet-1er-cru-les-chaumees-2023,true-dup,660916,,Domaine Bruno Colin Chassagne Montrachet 1er Cru les Chaumees,2023,,
domaine-bruno-colin-chassagne-montrachet-blanc-2023,true-dup,660915,,Domaine Bruno Colin Chassagne Montrachet Blanc,2023,,
domaine-bruno-colin-chassagne-montrachet-blanc-2023,true-dup,660921,,Domaine Bruno Colin Chassagne Montrachet Blanc,2023,,
domaine-des-comte-lafon-meursault-2023,true-dup,714822,,Domaine des Comte Lafon Meursault,2023,,
domaine-des-comte-lafon-meursault-2023,true-dup,714821,,Domaine des Comte Lafon Meursault,2023,,
domaine-des-comte-lafon-meursault-clos-de-la-barre-2023,true-dup,714824,,Domaine des Comte Lafon Meursault Clos de la Barre,2023,,
domaine-des-comte-lafon-meursault-clos-de-la-barre-2023,true-dup,714823,,Domaine des Comte Lafon Meursault Clos de la Barre,2023,,
domaine-des-comte-lafon-volnay-1er-cru-santenots-du-milieu-2023,true-dup,714839,,Domaine des Comte Lafon Volnay 1er Cru Santenots du Milieu,2023,,
domaine-des-comte-lafon-volnay-1er-cru-santenots-du-milieu-2023,true-dup,714837,,Domaine des Comte Lafon Volnay 1er Cru Santenots du Milieu,2023,,
domaine-des-epeneaux-auxey-duresses-rouge-2020,true-dup,712642*,,Domaine des Epeneaux Auxey Duresses Rouge,2020,,
domaine-des-epeneaux-auxey-duresses-rouge-2020,true-dup,712646*,,Domaine des Epeneaux Auxey Duresses Rouge,2020,,
domaine-des-epeneaux-pommard-1er-cru-clos-des-epeneaux-2020,true-dup,712649*,,Domaine des Epeneaux Pommard 1er Cru Clos des Epeneaux,2020,,
domaine-des-epeneaux-pommard-1er-cru-clos-des-epeneaux-2020,true-dup,712645*,,Domaine des Epeneaux Pommard 1er Cru Clos des Epeneaux,2020,,
domaine-guy-bocard-bourgogne-cote-d-or-chardonnay-2023,true-dup,513722,,Domaine Guy Bocard Bourgogne Cote D'or Chardonnay,2023,,
domaine-guy-bocard-bourgogne-cote-d-or-chardonnay-2023,true-dup,513723,,Domaine Guy Bocard Bourgogne Cote D'or Chardonnay,2023,,
domaine-guy-bocard-meursault-vieilles-vignes-2023,true-dup,513724,,Domaine Guy Bocard Meursault Vieilles Vignes,2023,,
domaine-guy-bocard-meursault-vieilles-vignes-2023,true-dup,513725,,Domaine Guy Bocard Meursault Vieilles Vignes,2023,,
domaine-jean-luc-burguet-gevrey-chambertin-mes-favorites-vieilles-vignes-2022,true-dup,713912,,Domaine Jean-Luc Burguet Gevrey Chambertin Mes Favorites Vieilles Vignes,2022,,
domaine-jean-luc-burguet-gevrey-chambertin-mes-favorites-vieilles-vignes-2022,true-dup,713913,,Domaine Jean-Luc Burguet Gevrey Chambertin Mes Favorites Vieilles Vignes,2022,,
domaine-jean-marc-pavelot-savigny-les-beaune-1er-cru-la-dominode-2020,true-dup,712033,,Domaine Jean-Marc Pavelot Savigny les Beaune 1ER Cru la Dominode,2020,,
domaine-jean-marc-pavelot-savigny-les-beaune-1er-cru-la-dominode-2020,true-dup,712034,,Domaine Jean-Marc Pavelot Savigny les Beaune 1ER Cru la Dominode,2020,,
domaine-jean-marc-pavelot-savigny-les-beaune-1er-cru-la-dominode-2021,true-dup,712040,,Domaine Jean-Marc Pavelot Savigny les Beaune 1ER Cru la Dominode,2021,,
domaine-jean-marc-pavelot-savigny-les-beaune-1er-cru-la-dominode-2021,true-dup,712041,,Domaine Jean-Marc Pavelot Savigny les Beaune 1ER Cru la Dominode,2021,,
domaine-jean-marc-pavelot-savigny-les-beaune-1er-cru-la-dominode-2022,true-dup,712054,,Domaine Jean-Marc Pavelot Savigny les Beaune 1ER Cru la Dominode,2022,,
domaine-jean-marc-pavelot-savigny-les-beaune-1er-cru-la-dominode-2022,true-dup,712053,,Domaine Jean-Marc Pavelot Savigny les Beaune 1ER Cru la Dominode,2022,,
domaine-jean-marc-pavelot-savigny-les-beaune-2019,true-dup,712020,,Domaine Jean-Marc Pavelot Savigny les Beaune,2019,,
domaine-jean-marc-pavelot-savigny-les-beaune-2019,true-dup,712019,,Domaine Jean-Marc Pavelot Savigny les Beaune,2019,,
domaine-jean-marc-pavelot-savigny-les-beaune-2021,true-dup,712036,,Domaine Jean-Marc Pavelot Savigny les Beaune,2021,,
domaine-jean-marc-pavelot-savigny-les-beaune-2021,true-dup,712037,,Domaine Jean-Marc Pavelot Savigny les Beaune,2021,,
domaine-jean-marc-pavelot-savigny-les-beaune-2022,true-dup,712047,,Domaine Jean-Marc Pavelot Savigny les Beaune,2022,,
domaine-jean-marc-pavelot-savigny-les-beaune-2022,true-dup,712048,,Domaine Jean-Marc Pavelot Savigny les Beaune,2022,,
domaine-jean-noel-gagnard-chassagne-montrachet-1er-cru-les-chaumees-2018,true-dup,712988,,Domaine Jean Noel Gagnard Chassagne Montrachet 1er Cru les Chaumees,2018,,
domaine-jean-noel-gagnard-chassagne-montrachet-1er-cru-les-chaumees-2018,true-dup,712995,,Domaine Jean Noel Gagnard Chassagne Montrachet 1er Cru les Chaumees,2018,,
domaine-jf-mugnier-nuits-saint-georges-1er-cru-clos-de-la-marechale-2022,true-dup,711189,,Domaine Jf Mugnier Nuits Saint Georges 1er Cru Clos de la Marechale,2022,,
domaine-jf-mugnier-nuits-saint-georges-1er-cru-clos-de-la-marechale-2022,true-dup,711188,,Domaine Jf Mugnier Nuits Saint Georges 1er Cru Clos de la Marechale,2022,,
domaine-jf-mugnier-nuits-saint-georges-1er-cru-clos-de-la-marechale-2022,true-dup,711186,,Domaine Jf Mugnier Nuits Saint Georges 1er Cru Clos de la Marechale,2022,,
domaine-jf-mugnier-nuits-saint-georges-1er-cru-clos-de-la-marechale-2023,true-dup,712184,,Domaine Jf Mugnier Nuits Saint Georges 1er Cru Clos de la Marechale,2023,,
domaine-jf-mugnier-nuits-saint-georges-1er-cru-clos-de-la-marechale-2023,true-dup,711199,,Domaine Jf Mugnier Nuits Saint Georges 1er Cru Clos de la Marechale,2023,,
domaine-jf-mugnier-nuits-saint-georges-1er-cru-clos-de-la-marechale-2023,true-dup,711200,,Domaine Jf Mugnier Nuits Saint Georges 1er Cru Clos de la Marechale,2023,,
domaine-jf-mugnier-nuits-saint-georges-1er-cru-clos-de-la-marechale-2023,true-dup,711198,,Domaine Jf Mugnier Nuits Saint Georges 1er Cru Clos de la Marechale,2023,,
domaine-jl-chave-saint-joseph-2022,true-dup,540251,,Domaine Jl Chave Saint Joseph,2022,,
domaine-jl-chave-saint-joseph-2022,true-dup,540250,,Domaine Jl Chave Saint Joseph,2022,,
domaine-jl-chave-saint-joseph-2023,true-dup,540264,,Domaine Jl Chave Saint Joseph,2023,,
domaine-jl-chave-saint-joseph-2023,true-dup,540263,,Domaine Jl Chave Saint Joseph,2023,,
domaine-lafarge-vial-fleurie-joie-du-palais-2020,true-dup,700113,,Domaine Lafarge Vial Fleurie Joie du Palais,2020,,
domaine-lafarge-vial-fleurie-joie-du-palais-2020,true-dup,700111,,Domaine Lafarge Vial Fleurie Joie du Palais,2020,,
domaine-lafarge-vial-fleurie-joie-du-palais-2023,true-dup,700128,,Domaine Lafarge Vial Fleurie Joie du Palais,2023,,
domaine-lafarge-vial-fleurie-joie-du-palais-2023,true-dup,700124,,Domaine Lafarge Vial Fleurie Joie du Palais,2023,,
domaine-lignier-michelot-morey-saint-denis-1er-cru-aux-chezeaux-2020,true-dup,711574,,Domaine Lignier-Michelot Morey Saint Denis 1er Cru aux Chezeaux,2020,,
domaine-lignier-michelot-morey-saint-denis-1er-cru-aux-chezeaux-2020,true-dup,711566,,Domaine Lignier-Michelot Morey Saint Denis 1er Cru aux Chezeaux,2020,,
domaine-lignier-michelot-morey-saint-denis-1er-cru-aux-chezeaux-2022,true-dup,716002,,Domaine Lignier-Michelot Morey Saint Denis 1er Cru aux Chezeaux,2022,,
domaine-lignier-michelot-morey-saint-denis-1er-cru-aux-chezeaux-2022,true-dup,711596,,Domaine Lignier-Michelot Morey Saint Denis 1er Cru aux Chezeaux,2022,,
domaine-lignier-michelot-morey-saint-denis-1er-cru-faconnieres-2023,true-dup,716012,,Domaine Lignier-Michelot Morey Saint Denis 1er Cru Faconnieres,2023,,
domaine-lignier-michelot-morey-saint-denis-1er-cru-faconnieres-2023,true-dup,716013,,Domaine Lignier-Michelot Morey Saint Denis 1er Cru Faconnieres,2023,,
domaine-lignier-michelot-morey-saint-denis-1er-cru-les-chenevery-2022,true-dup,716003,,Domaine Lignier-Michelot Morey Saint Denis 1er Cru les Chenevery,2022,,
domaine-lignier-michelot-morey-saint-denis-1er-cru-les-chenevery-2022,true-dup,711599,,Domaine Lignier-Michelot Morey Saint Denis 1er Cru les Chenevery,2022,,
domaine-paul-jaboulet-aine-hermitage-la-chapelle-2020,true-dup,541091*,,Domaine Paul Jaboulet Aine Hermitage la Chapelle,2020,,
domaine-paul-jaboulet-aine-hermitage-la-chapelle-2020,true-dup,541090*,,Domaine Paul Jaboulet Aine Hermitage la Chapelle,2020,,
domaine-paul-jaboulet-aine-hermitage-la-chapelle-2020,true-dup,541089*,,Domaine Paul Jaboulet Aine Hermitage la Chapelle,2020,,
domaine-paul-prieur-sancerre-monts-damnes-2022,true-dup,534022,,Domaine Paul Prieur Sancerre Monts Damnes,2022,,
domaine-paul-prieur-sancerre-monts-damnes-2022,true-dup,534021,,Domaine Paul Prieur Sancerre Monts Damnes,2022,,
domaine-paul-prieur-sancerre-rouge-les-pichons-2022,true-dup,534027,,Domaine Paul Prieur Sancerre Rouge les Pichons,2022,,
domaine-paul-prieur-sancerre-rouge-les-pichons-2022,true-dup,534028,,Domaine Paul Prieur Sancerre Rouge les Pichons,2022,,
domaine-rapet-pernand-vergelesses-blanc-1er-cru-sous-fretille-2022,true-dup,410347,,Domaine Rapet Pernand Vergelesses Blanc 1er Cru sous Fretille,2022,,
domaine-rapet-pernand-vergelesses-blanc-1er-cru-sous-fretille-2022,true-dup,410346,,Domaine Rapet Pernand Vergelesses Blanc 1er Cru sous Fretille,2022,,
domaine-serol-cote-roannaise-rouge-chez-coste-2020,true-dup,740019,,Domaine Serol Cote Roannaise Rouge chez Coste,2020,,
domaine-serol-cote-roannaise-rouge-chez-coste-2020,true-dup,740018,,Domaine Serol Cote Roannaise Rouge chez Coste,2020,,
domaine-servin-chablis-les-pargues-2023,true-dup,412658,,Domaine Servin Chablis les Pargues,2023,,
domaine-servin-chablis-les-pargues-2023,true-dup,412657,,Domaine Servin Chablis les Pargues,2023,,
henri-bourgeois-pouilly-fume-2024,true-dup,530155,,Henri Bourgeois Pouilly Fume,2024,,
henri-bourgeois-pouilly-fume-2024,true-dup,530166,,Henri Bourgeois Pouilly Fume,2024,,
heritiers-comte-lafon-macon-milly-clos-du-four-2023,true-dup,111250,,Heritiers Comte Lafon Macon Milly Clos du Four,2023,,
heritiers-comte-lafon-macon-milly-clos-du-four-2023,true-dup,111251,,Heritiers Comte Lafon Macon Milly Clos du Four,2023,,
heritiers-comte-lafon-macon-milly-lamartine-2024,true-dup,111257,,Heritiers Comte Lafon Macon Milly Lamartine,2024,,
heritiers-comte-lafon-macon-milly-lamartine-2024,true-dup,111258,,Heritiers Comte Lafon Macon Milly Lamartine,2024,,
heritiers-comte-lafon-saint-veran-2023,true-dup,111254,,Heritiers Comte Lafon Saint Veran,2023,,
heritiers-comte-lafon-saint-veran-2023,true-dup,111255,,Heritiers Comte Lafon Saint Veran,2023,,
heritiers-comte-lafon-vire-clesse-2023,true-dup,111252,,Heritiers Comte Lafon Vire-Clesse,2023,,
heritiers-comte-lafon-vire-clesse-2023,true-dup,111253,,Heritiers Comte Lafon Vire-Clesse,2023,,
jc-ramonet-chassagne-montrachet-rouge-2021,true-dup,512233,,Jc Ramonet Chassagne Montrachet Rouge,2021,,
jc-ramonet-chassagne-montrachet-rouge-2021,true-dup,512232,,Jc Ramonet Chassagne Montrachet Rouge,2021,,
lamarche-domaine-lamarche-la-grande-rue-grand-cru-monopole-2017,true-dup,210655,Lamarche,Domaine Lamarche la Grande Rue Grand Cru Monopole,2017,Burgundy - C d Nuits,Pinot Noir
lamarche-domaine-lamarche-la-grande-rue-grand-cru-monopole-2017,true-dup,210654,Lamarche,Domaine Lamarche la Grande Rue Grand Cru Monopole,2017,Burgundy - C d Nuits,Pinot Noir
lignier-michelot-domaine-lignier-michelot-clos-de-la-roche-grand-cru-2017,true-dup,711534,Lignier-Michelot,Domaine Lignier-Michelot Clos de la Roche Grand Cru,2017,Burgundy - C d Nuits,Pinot Noir
lignier-michelot-domaine-lignier-michelot-clos-de-la-roche-grand-cru-2017,true-dup,711532,Lignier-Michelot,Domaine Lignier-Michelot Clos de la Roche Grand Cru,2017,Burgundy - C d Nuits,Pinot Noir
lignier-michelot-domaine-lignier-michelot-morey-saint-denis-1er-cru-aux-genavrieres-2021,true-dup,711588,Lignier Michelot,Domaine Lignier-Michelot Morey Saint Denis 1er Cru aux Genavrieres,2021,Burgundy,Pinot Noir
lignier-michelot-domaine-lignier-michelot-morey-saint-denis-1er-cru-aux-genavrieres-2021,true-dup,711581,Lignier Michelot,Domaine Lignier-Michelot Morey Saint Denis 1er Cru aux Genavrieres,2021,Burgundy,Pinot Noir
maison-morey-blanc-saint-romain-sous-le-chateau-2020,true-dup,713602,,Maison Morey-Blanc Saint Romain sous le Chateau,2020,,
maison-morey-blanc-saint-romain-sous-le-chateau-2020,true-dup,713625,,Maison Morey-Blanc Saint Romain sous le Chateau,2020,,
manotsuru-nv-manotsuru-bulzai-ginjo-sake,true-dup,603409*,Manotsuru,NV Manotsuru Bulzai Ginjo Sake,,,
manotsuru-nv-manotsuru-bulzai-ginjo-sake,true-dup,603406*,Manotsuru,NV Manotsuru Bulzai Ginjo Sake,,,
manotsuru-nv-manotsuru-countless-visions-nigori-sake,true-dup,603413*,Manotsuru,NV Manotsuru Countless Visions Nigori Sake,,,
manotsuru-nv-manotsuru-countless-visions-nigori-sake,true-dup,603407*,Manotsuru,NV Manotsuru Countless Visions Nigori Sake,,,
manotsuru-nv-manotsuru-crane-junmai-sake,true-dup,603404*,Manotsuru,NV Manotsuru Crane Junmai Sake,,,
manotsuru-nv-manotsuru-crane-junmai-sake,true-dup,603411*,Manotsuru,NV Manotsuru Crane Junmai Sake,,,
manotsuru-nv-manotsuru-demon-slayer-tokubetsu-honjozo-sake,true-dup,603412*,Manotsuru,NV Manotsuru Demon Slayer Tokubetsu Honjozo Sake,,,
manotsuru-nv-manotsuru-demon-slayer-tokubetsu-honjozo-sake,true-dup,603405*,Manotsuru,NV Manotsuru Demon Slayer Tokubetsu Honjozo Sake,,,
margaux-de-brane-margaux-2022,true-dup,520738,,Margaux de Brane Margaux,2022,,
margaux-de-brane-margaux-2022,true-dup,520735,,Margaux de Brane Margaux,2022,,
nv-bonnamy-cremant-de-loire-blanc-brut,true-dup,531242,,NV Bonnamy Cremant de Loire Blanc Brut,,,
nv-bonnamy-cremant-de-loire-blanc-brut,true-dup,531244,,NV Bonnamy Cremant de Loire Blanc Brut,,,
nv-bonnamy-cremant-de-loire-rose-brut,true-dup,531245,,NV Bonnamy Cremant de Loire Rose Brut,,,
nv-bonnamy-cremant-de-loire-rose-brut,true-dup,531243,,NV Bonnamy Cremant de Loire Rose Brut,,,
nv-champagne-jose-dhondt-brut-blanc-de-blancs,true-dup,750127,,NV Champagne Jose Dhondt Brut Blanc de Blancs,,,
nv-champagne-jose-dhondt-brut-blanc-de-blancs,true-dup,750126,,NV Champagne Jose Dhondt Brut Blanc de Blancs,,,
rapet-domaine-rapet-corton-charlemagne-grand-cru-2023,true-dup,410358,Rapet,Domaine Rapet Corton Charlemagne Grand Cru,2023,Burgundy,Chardonnay
rapet-domaine-rapet-corton-charlemagne-grand-cru-2023,true-dup,410357,Rapet,Domaine Rapet Corton Charlemagne Grand Cru,2023,Burgundy,Chardonnay
rapet-domaine-rapet-pernand-vergelesses-blanc-1er-cru-sous-fretille-2023,true-dup,410356,Rapet,Domaine Rapet Pernand Vergelesses Blanc 1er Cru sous Fretille,2023,Burgundy,Chardonnay
rapet-domaine-rapet-pernand-vergelesses-blanc-1er-cru-sous-fretille-2023,true-dup,410355,Rapet,Domaine Rapet Pernand Vergelesses Blanc 1er Cru sous Fretille,2023,Burgundy,Chardonnay
rocca-di-montegrossi-chianti-classico-gran-selezione-vigneto-san-marcellino-2018,true-dup,398039,Rocca Di Montegrossi,Chianti Classico Gran Selezione Vigneto San Marcellino,2018,Tuscany,Sangiovese
rocca-di-montegrossi-chianti-classico-gran-selezione-vigneto-san-marcellino-2018,true-dup,398038,Rocca Di Montegrossi,Chianti Classico Gran Selezione Vigneto San Marcellino,2018,Tuscany,Sangiovese
rocca-di-montegrossi-chianti-classico-gran-selezione-vigneto-san-marcellino-2018,true-dup,398037*,Rocca Di Montegrossi,Chianti Classico Gran Selezione Vigneto San Marcellino,2018,Tuscany,Sangiovese
rocca-di-montegrossi-toscana-rosso-geremia-2018,true-dup,398042,Rocca Di Montegrossi,Toscana Rosso Geremia,2018,Tuscany,Cabernet / Merlot
rocca-di-montegrossi-toscana-rosso-geremia-2018,true-dup,398041,Rocca Di Montegrossi,Toscana Rosso Geremia,2018,Tuscany,Cabernet / Merlot
rocca-di-montegrossi-toscana-rosso-geremia-2018,true-dup,398043,Rocca Di Montegrossi,Toscana Rosso Geremia,2018,Tuscany,Cabernet / Merlot
rocca-di-montegrossi-toscana-rosso-geremia-igt-2017,true-dup,398033,Rocca Di Montegrossi,Toscana Rosso Geremia IGT,2017,Tuscany,Cabernet / Merlot
rocca-di-montegrossi-toscana-rosso-geremia-igt-2017,true-dup,398032,Rocca Di Montegrossi,Toscana Rosso Geremia IGT,2017,Tuscany,Cabernet / Merlot
rocca-di-montegrossi-toscana-rosso-geremia-igt-2017,true-dup,398034,Rocca Di Montegrossi,Toscana Rosso Geremia IGT,2017,Tuscany,Cabernet / Merlot
serol-domaine-serol-turbullent-petillant-rose,true-dup,740012,Serol,Domaine Serol Turbullent Petillant Rose,,Loire,Gamay Saint Romain
serol-domaine-serol-turbullent-petillant-rose,true-dup,740008,Serol,Domaine Serol Turbullent Petillant Rose,,Loire,Gamay Saint Romain
subirats-nv-conde-de-subirats-cava-brut-rose,true-dup,620304,Subirats,NV Conde de Subirats Cava Brut Rose,,Penedes,Macabeo / Garnacha
subirats-nv-conde-de-subirats-cava-brut-rose,true-dup,620302,Subirats,NV Conde de Subirats Cava Brut Rose,,Penedes,Tempranillo / Macabeo
vice-versa-wines-beckstoffer-dr-crane-cabernet-sauvignon-2023,true-dup,501926*,Vice Versa,Wines Beckstoffer Dr Crane Cabernet Sauvignon,2023,,
vice-versa-wines-beckstoffer-dr-crane-cabernet-sauvignon-2023,true-dup,501930*,Vice Versa,Wines Beckstoffer Dr Crane Cabernet Sauvignon,2023,,
vice-versa-wines-beckstoffer-las-piedras-cabernet-sauvignon-2023,true-dup,501925*,Vice Versa,Wines Beckstoffer Las Piedras Cabernet Sauvignon,2023,,
vice-versa-wines-beckstoffer-las-piedras-cabernet-sauvignon-2023,true-dup,501929*,Vice Versa,Wines Beckstoffer Las Piedras Cabernet Sauvignon,2023,,
vice-versa-wines-spinning-plates-cabernet-sauvignon-2023,true-dup,501922*,Vice Versa,Wines Spinning Plates Cabernet Sauvignon,2023,,
vice-versa-wines-spinning-plates-cabernet-sauvignon-2023,true-dup,501920*,Vice Versa,Wines Spinning Plates Cabernet Sauvignon,2023,,
vice-versa-wines-spinning-plates-cabernet-sauvignon-2023,true-dup,501921*,Vice Versa,Wines Spinning Plates Cabernet Sauvignon,2023,,
virgile-lignier-michelot-clos-de-la-roche-grand-cru-2018,true-dup,711547,,Virgile Lignier-Michelot Clos de la Roche Grand Cru,2018,,
virgile-lignier-michelot-clos-de-la-roche-grand-cru-2018,true-dup,711545,,Virgile Lignier-Michelot Clos de la Roche Grand Cru,2018,,
w23-domaine-arnaud-lambert-cremant-de-loire-blanc,true-dup,730141,,W23 Domaine Arnaud Lambert Cremant de Loire Blanc,,,
w23-domaine-arnaud-lambert-cremant-de-loire-blanc,true-dup,730145,,W23 Domaine Arnaud Lambert Cremant de Loire Blanc,,,
w23-domaine-arnaud-lambert-cremant-de-loire-blanc,true-dup,730140,,W23 Domaine Arnaud Lambert Cremant de Loire Blanc,,,
